900,2100,900,2100,RoomTag,0.92,The label fits well within the large open room space. The anchor point (200, 200) is near the visual centre of the interior. The bounding box [105, 171, 295, 229] is entirely within the crop, avoids all walls (which are at the edges and top), and maintains clear distance from the door openings visible at the top. No obstacles are present. This placement follows the room-label convention of centring in the interior.
1250,1857,1250,1837,RoomTag,0.92,The label is a RoomTag for the large room visible in the upper portion of the crop. The anchor point (200, 200) is near the visual centre of the room interior. The proposed position at (200, 180) keeps the label well within the room boundaries, away from all walls (thick black lines on top at ~y=140 and sides), away from the diagonal cross-bracing in the room, and safely clear of the already_placed RoomTag (centred at -150, 443 – far outside this crop). The label bounding box [105, 151, 295, 209] fits entirely within crop bounds and does not overlap walls, fixtures, or other annotations. This placement respects the tag-specific rule to centre the label in the room interior with good clearance from all obstacles.
2018,1914,2018,1914,RoomTag,0.92,The anchor point (200, 200) falls within the large circular table/meeting space in the centre-left portion of the crop. This is clearly the interior of a room with ample whitespace. The label bounding box [105, 171, 295, 229] does not intersect any walls, furniture, or the already-placed labels (both far outside the crop at negative x-coordinates). The position respects the 5 px buffer requirement and keeps the label well within crop bounds (0, 0, 400, 400). Placement at the anchor achieves optimal centering within the room's interior.
3158,2109,3158,2109,RoomTag,0.92,The label fits well in the centre of the main room (upper portion of crop). The anchor point (200, 200) is in open whitespace, away from walls (which form the perimeter and internal divisions). The bounding box [105, 171, 295, 229] does not overlap the thick black walls or any already-placed labels (all of which are far to the left, outside the crop). The position respects the 5px buffer from walls and keeps the label fully within the crop boundaries. This is the natural visual centre of the room interior.
3659,1661,3659,1661,RoomTag,1.00,
3404,3624,3404,3624,RoomTag,0.85,The anchor point (200, 200) is in clear whitespace well away from the visible walls (left edge around x=29-98) and the black fixture in the upper-left area (approximately x=60-98, y=295-320). The label dimensions (190×58) would place its bounding box from approximately (105, 171) to (295, 229), which stays safely within the crop bounds and maintains >5px clearance from all walls and fixtures. All already_placed labels are far outside the crop (negative coordinates), so no collision risk. This position is close to the anchor and centres the label in the open room space, following standard room label placement conventions.
4531,1647,4531,1647,RoomTag,0.95,The crop is mostly empty whitespace with a wall segment on the left edge and a fixture (appears to be a bed or furniture) in the bottom-right corner. The anchor point (200, 200) is centrally located in clear whitespace, far from all obstacles. The label's bounding box [105, 171, 295, 229] does not intersect any walls, fixtures, or existing labels (all already_placed labels are far outside crop bounds with negative coordinates). The placement maintains the requested buffer from walls and stays well within the 400×400 crop boundary. This is an ideal position for a room label in the interior space.
4800,2100,4800,2100,RoomTag,1.00,
4677,2709,4677,2709,RoomTag,0.92,The anchor point (200, 200) is in a large empty whitespace region well away from walls, fixtures, and existing labels. All already_placed labels are far outside the crop boundaries (negative coordinates). The label's bounding box [105, 171, 295, 229] fits entirely within the crop (0, 0, 400, 400) and does not intersect any walls or linework visible in the image. This placement follows the room label rule by centering in the clear interior space.
5700,1650,5700,1650,RoomTag,1.00,
4500,3200,4500,3200,RoomTag,1.00,
6577,2935,6577,2935,RoomTag,1.00,
1250,1230,1250,1230,WindowTag,1.00,
1620,1230,1620,1230,WindowTag,1.00,
1868,1230,1868,1230,WindowTag,1.00,
2086,1230,2086,1230,WindowTag,1.00,
3532,1220,3532,1220,WindowTag,1.00,
3846,1220,3846,1220,WindowTag,1.00,
4470,1220,4470,1220,WindowTag,1.00,
4784,1220,4784,1220,WindowTag,1.00,
5879,1220,5879,1220,WindowTag,1.00,
6192,1220,6192,1220,WindowTag,1.00,
3150,3871,3150,3871,WindowTag,1.00,
3393,3871,3393,3871,WindowTag,1.00,
3637,3871,3637,3871,WindowTag,1.00,
3882,3871,3882,3871,WindowTag,1.00,
4381,3871,4381,3871,WindowTag,1.00,
4524,3871,4524,3871,WindowTag,1.00,
4669,3871,4669,3801,WindowTag,0.75,The label is positioned inside the room space above the window line (which runs horizontally at y≈240). The anchor was at y=200, but moving upward to y=130 keeps the label fully within the crop (bounding box from y=91.5 to y=168.5) and clear of the window opening and dark linework. All already_placed labels are far outside the crop area (negative coordinates), so no overlap conflicts exist. The placement respects the tag-specific rule by positioning the window label inside the adjacent room space, not overlapping the window itself.
3100,1265,3100,1265,DoorTag,1.00,
3238,2167,3238,2167,DoorTag,1.00,
3353,2715,3353,2715,DoorTag,1.00,
3533,2967,3533,2967,DoorTag,1.00,
3737,2794,3737,2694,DoorTag,0.85,The door is located in the upper-center portion of the crop (around y=190-210 based on the linework). Placing the label at (200, 100) keeps it in clear whitespace above the doorway, avoiding overlap with the door structure itself and all already_placed labels (all of which are far outside the crop area). This position maintains the tag-specific rule of placing door labels beside the door rather than blocking passage. The label fits fully within crop bounds with adequate buffer from walls.
3932,2552,3932,2552,DoorTag,1.00,
3712,2280,3712,2280,DoorTag,1.00,
4169,2561,4169,2561,DoorTag,1.00,
4259,2263,4259,2263,DoorTag,1.00,
4963,2289,4963,2289,DoorTag,1.00,
5250,1300,5250,1300,DoorTag,1.00,
5788,2400,5788,2400,DoorTag,1.00,
5647,2554,5647,2554,DoorTag,1.00,
6490,2792,6490,2792,DoorTag,1.00,
6634,2636,6634,2636,DoorTag,1.00,
778,1722,778,1722,WallTag,1.00,
1261,2150,1261,2150,WallTag,1.00,
1478,2367,1478,2367,WallTag,1.00,
2584,1353,2584,1353,WallTag,1.00,
2781,1437,2781,1437,WallTag,0.92,The anchor point (200, 200) is in the upper-left region of the crop, within a clear whitespace area bounded by walls. This location is well away from all already_placed obstacles (the nearest is RoomTag at -1681, 863, far outside the crop). The label fits entirely within crop boundaries (bounding box: 161.5–238.5 horizontally, 161.5–238.5 vertically). It avoids walls and structural features, with adequate buffer space from the dark linework visible in that region. This is an ideal placement for a wall label along the upper structural boundary.
3000,2250,3000,2250,WallTag,1.00,
3150,2500,3150,2500,WallTag,1.00,
3389,2675,3389,2675,WallTag,1.00,
3400,1755,3400,1755,WallTag,1.00,
3000,3200,3000,3200,WallTag,1.00,
3520,3977,3520,3977,WallTag,1.00,
4118,3363,4118,3363,WallTag,1.00,
4111,1930,4111,1930,WallTag,1.00,
4685,2368,4685,2368,WallTag,1.00,
5012,2375,5012,2375,WallTag,1.00,
5005,1567,5005,1567,WallTag,1.00,
5005,3408,5005,3408,WallTag,1.00,
5647,2836,5647,2836,WallTag,1.00,
5219,2475,5219,2475,WallTag,1.00,
5867,2513,5867,2513,WallTag,1.00,
6450,1606,6450,1606,WallTag,1.00,
6417,1929,6417,1809,WallTag,0.85,The label is positioned along the vertical wall structure in the upper portion of the crop, where there is clear whitespace. The anchor point at (200, 200) falls within the wall area; moving the label upward to y=80 places it in an unobstructed gap above the wall thickness, maintaining visibility and avoiding overlap with any fixtures or structural features. The label stays well within crop bounds (x: 161.5–238.5, y: 41.5–118.5) and respects the 5px buffer from walls.
6593,2663,6593,2663,WallTag,1.00,
6715,2683,6715,2683,WallTag,1.00,
6376,3361,6376,3361,WallTag,1.00,
7293,2733,7293,2733,WallTag,1.00,
