=== ELEMENTS ===,,,,,,,,,,
ElementId,Category,FamilyAndType,Mark,X_ft,Y_ft,Z_ft,MinX,MinY,MaxX,MaxY
619340,Walls,"Exterior - 13 5/8"" Rainscreen (Two Sides) w Insultation on Metal Stud",,-110.9323,9.2701,10.0833,-111.5,-0.1681,-110.3646,18.7083
619404,Walls,"Core - Concrete 12""",,-105.5625,43.25,7.5833,-111.5,42.75,-99.625,43.75
619550,Walls,"Exterior - 12 5/8"" Rainscreen w Insultation on Metal Stud (Alley)",,67.4207,3.2773,10.0833,63.1901,-24.965,71.6514,31.5195
621689,Multistory Stairs,Multistory Stairs,,-104.8125,33.6979,6.7083,-109.5,25.1875,-100.125,42.2083
622037,Stairs,Stair,,-104.8125,33.6979,1.2092,-109,25.6875,-100.625,41.7083
622384,Stairs,Stair,,-104.8125,33.6979,13.4583,-109,25.6875,-100.625,41.7083
630930,Walls,"Chase - GWB & Metal Stud 4 1/4""",,-109.1771,31.2292,10.0833,-109.3542,19.2083,-109,43.25
660428,Doors,"36"" x 84"" (180 MIN)",S32,43.8615,0.9375,11.75,42.1635,-1.0417,45.5594,2.9167
674522,Walls,"Core - Concrete 12""",,-100.125,30.4661,7.5833,-100.625,18.7083,-99.625,42.224
674794,Walls,"Core - Concrete 12""",,-105.8125,19.2083,10.0833,-111.5,18.7083,-100.125,19.7083
678407,Walls,"Core - Concrete 10""",,3.5,23.5286,10.0833,3.0833,18.875,3.9167,28.1823
684173,Walls,"Core - Concrete 12""",,50.625,-11.875,10.0833,50.125,-26.125,51.125,2.375
685081,Walls,"Party - 6 1/8"" (2-hr)",,-20.25,25.6146,10.0833,-20.7396,9.0052,-19.7604,42.224
686974,Walls,"Chase - GWB & Metal Stud 6 5/8""",,42.3083,-30.177,10.0833,41.2414,-30.5911,43.3753,-29.7628
687063,Walls,"Core - Concrete 12""",,45.9375,-26.125,10.0833,40.75,-26.625,51.125,-25.625
687200,Walls,"Exterior - 5 3/8"" Rainscreen w Insultation (for Concrete Core Walls)",,43.1514,-28.0979,10.0833,42.9274,-30.0707,43.3753,-26.125
695423,Stairs,Stair,,43.6042,-8.9792,4.2272,41.75,-14.9375,45.4583,-3.0208
697096,Walls,"Exterior - 14 5/8"" Rainscreen w Insultation on Metal Stud",,-49.6406,-8.4583,7.5833,-50.25,-26.4167,-49.0312,9.5
697693,Walls,"Core - Concrete 12""",,-111,31.2292,10.0833,-111.5,19.2083,-110.5,43.25
697710,Walls,"Exterior - 12 5/8"" Rainscreen w Insultation on Metal Stud",,-74.9375,42.224,7.5833,-100.125,41.6979,-49.75,42.75
700016,Stairs,Stair,,45.9375,-11.7813,13.4583,41.75,-19.625,50.125,-3.9375
701089,Multistory Stairs,Multistory Stairs,,45.9375,-11.7813,13.7083,41.25,-20.125,50.625,-3.4375
734799,Walls,"Party - 6 1/8"" (2-hr)",,3.5833,35.1563,10.0833,3.0938,28.0885,4.0729,42.224
735382,Walls,"Core - Concrete 10""",,-1.3568,19.2917,10.0833,-6.2135,18.875,3.5,19.7083
735544,Walls,"Interior - 6 1/8"" Partition (2-hr)",,-90.3073,22.1484,-0.4583,-90.5625,19.0885,-90.0521,25.2083
736143,Walls,"Exterior - 12 5/8"" Rainscreen w Insultation on Metal Stud",,-57.401,36.224,-0.4583,-65.5521,35.6979,-49.25,36.75
737373,Walls,"Interior - 7 1/4"" Partition (1 hr)",,-65.25,28.3073,-0.4583,-65.5521,20.3906,-64.9479,36.224
738934,Walls,"Interior - 4 7/8"" Partition (1-hr)",,-80.2865,25.2448,-0.4583,-90.4583,25.0417,-70.1146,25.4479
739021,Walls,"Interior - 4 7/8"" Partition (1-hr)",,-70.3177,27.0964,-0.4583,-70.5208,25.2448,-70.1146,28.9479
739059,Walls,"Interior - 4 7/8"" Partition (1-hr)",,-67.7839,28.7448,-0.4583,-70.3177,28.5417,-65.25,28.9479
746421,Stairs,Stair,,-15.0937,-4.6458,13.4583,-19.0937,-11.1042,-11.0937,1.8125
748363,Walls,"Party - 6 1/8"" (2-hr)",,41.25,25.6146,10.0833,40.7604,9.0052,41.7396,42.224
748511,Walls,"Interior - 6 1/8"" Partition (2-hr)",,-22.4062,9.0052,10.0833,-39.8229,8.75,-4.9896,9.2604
748731,Walls,"Interior - 6 1/8"" Partition (2-hr)",,21.6068,2.4948,10.0833,3.0938,2.2396,40.1198,2.75
748796,Walls,"Interior - 6 1/8"" Partition (2-hr)",,-34.7005,2.4948,10.0833,-49.6406,2.2396,-19.7604,2.75
748858,Walls,"Party - 6 1/8"" (2-hr)",,-20.25,-12.5234,11.5833,-20.7396,-27.5417,-19.7604,2.4948
748873,Walls,"Party - 6 1/8"" (2-hr)",,3.5833,-13.7891,11.5833,3.0938,-30.0729,4.0729,2.4948
751237,Walls,"Interior - 6 1/8"" Partition (2-hr)",,27.4844,9.0052,10.0833,3.5833,8.75,51.3854,9.2604
756614,Walls,"Core - Concrete 10""",,-1.0833,27.5417,10.0833,-6.0833,27.125,3.9167,27.9583
756775,Walls,"Core - Concrete 10""",,-5.6667,23.0964,10.0833,-6.0833,18.651,-5.25,27.5417
756965,Walls,"Core - Concrete 10""",,-90.875,29.9583,7.5833,-91.2917,25.625,-90.4583,34.2917
757097,Walls,"Core - Concrete 10""",,-95.5,33.875,7.5833,-100.125,33.4583,-90.875,34.2917
757247,Walls,"Core - Concrete 10""",,-95.2917,25.625,7.5833,-100.125,25.2083,-90.4583,26.0417
785946,Walls,"Interior - 4 7/8"" Partition (NR)",,-43.026,-1.9635,10.0833,-44.2604,-2.1667,-41.7917,-1.7604
785947,Walls,"Interior - 7 1/4"" Partition (NR)",,-41.7917,-7.0781,10.0833,-42.0938,-12.0937,-41.4896,-2.0625
785948,Walls,"Interior - 4 7/8"" Partition (NR)",,-30.4818,-11.0573,10.0833,-32.2344,-11.2604,-28.7292,-10.8542
785949,Walls,"Interior - 4 7/8"" Partition (NR)",,-28.6302,-3.3151,10.0833,-28.8333,-4.6667,-28.4271,-1.9635
785950,Walls,"Interior - 4 7/8"" Partition (NR)",,-43.026,-11.8906,10.0833,-44.2604,-12.0937,-41.7917,-11.6875
785952,Walls,"Interior - 4 7/8"" Partition (NR)",,-30.4323,-4.4635,10.0833,-32.2344,-4.6667,-28.6302,-4.2604
785953,Walls,"Interior - 4 7/8"" Partition (NR)",,-27.4948,-11.8906,10.0833,-28.7292,-12.0937,-26.2604,-11.6875
785954,Walls,"Interior - 4 7/8"" Partition (NR)",,-32.2344,-9.9635,10.0833,-32.4375,-10.9583,-32.0313,-8.9687
785955,Walls,"Interior - 4 7/8"" Partition (NR)",,-40.474,-5.0365,10.0833,-41.7917,-5.2396,-39.1563,-4.8333
785957,Walls,"Interior - 4 7/8"" Partition (NR)",,-27.5469,-1.9635,10.0833,-28.8333,-2.1667,-26.2604,-1.7604
785960,Doors,"36"" x 84"" (Cores)",202A,-34.375,-3.5417,11.6667,-36.0417,-5.3646,-32.7083,-1.7187
786584,Walls,"Interior - 4 7/8"" Partition (NR)",,34.1927,12.9635,10.0833,32.9583,12.7604,35.4271,13.1667
786585,Walls,"Interior - 7 1/4"" Partition (NR)",,32.9583,18.0781,10.0833,32.6562,13.0625,33.2604,23.0937
786586,Walls,"Interior - 4 7/8"" Partition (NR)",,22.2708,22.0573,10.0833,19.8958,21.8542,24.6458,22.2604
786587,Walls,"Interior - 4 7/8"" Partition (NR)",,19.7969,14.2161,10.0833,19.5938,12.9635,20,15.4688
786588,Walls,"Interior - 4 7/8"" Partition (NR)",,34.1927,22.8906,10.0833,32.9583,22.6875,35.4271,23.0937
786589,Walls,"Interior - 4 7/8"" Partition (NR)",,23.401,14.2656,10.0833,23.1979,13.0625,23.6042,15.4688
786590,Walls,"Interior - 4 7/8"" Partition (NR)",,21.599,15.2656,10.0833,19.7969,15.0625,23.401,15.4688
786591,Walls,"Interior - 4 7/8"" Partition (NR)",,18.6615,22.8906,10.0833,17.4271,22.6875,19.8958,23.0938
786592,Walls,"Chase - GWB & Metal Stud 2 1/4""",,23.2917,19.276,10.0833,23.1979,18.4792,23.3854,20.0729
786593,Walls,"Interior - 4 7/8"" Partition (NR)",,31.6406,15.9635,10.0833,30.3229,15.7604,32.9583,16.1667
786595,Walls,"Interior - 4 7/8"" Partition (NR)",,18.7135,12.9635,10.0833,17.4271,12.7604,20,13.1667
786598,Doors,"36"" x 84"" (Cores)",205A,25.5677,14.5417,11.6667,23.901,12.7187,27.2344,16.3646
786784,Doors,"36"" x 84"" (60 MIN)",202B,-29.1563,1.0156,11.6667,-30.8229,-0.7604,-27.4896,2.7917
786853,Doors,"36"" x 84"" (60 MIN)",205B,21.75,10.4844,11.6667,20.0833,8.7083,23.4167,12.2604
796396,Walls,"Interior - 8 1/2"" Partition (2-hr)",,51.0313,5.6901,10.0833,50.6771,2.375,51.3854,9.0052
797941,Walls,"Interior - 7 1/4"" Partition (NR)",,-29.8958,11.1901,10.0833,-30.1979,9.0052,-29.5938,13.375
798132,Walls,"Interior - 7 1/4"" Partition (NR)",,-33.5365,18.5625,10.0833,-39.875,18.2604,-27.1979,18.8646
798133,Walls,"Interior - 4 7/8"" Partition (NR)",,-27.401,19.9115,10.0833,-27.6042,18.5625,-27.1979,21.2604
800030,Doors,"36"" x 84"" (Cores)",203B,-31.375,16.3229,11.6667,-33.1979,14.6563,-29.5521,17.9896
800260,Walls,"Interior - 4 7/8"" Partition (NR)",,-37.7917,15.4635,10.0833,-39.4688,15.2604,-36.1146,15.6667
800261,Walls,"Interior - 4 7/8"" Partition (NR)",,-37.7917,12.0573,10.0833,-39.4688,11.8542,-36.1146,12.2604
805013,Doors,"36"" x 84"" (60 MIN)",203A,-23.8438,10.4844,11.6667,-25.5104,8.7083,-22.1771,12.2604
807787,Walls,"Interior - 4 7/8"" Partition (NR)",,-15.2656,16.2318,10.0833,-15.4687,13.5469,-15.0625,18.9167
808244,Walls,"Interior - 7 1/4"" Partition (NR)",,-13.6979,11.3776,10.0833,-14,9.0052,-13.3958,13.75
808252,Walls,"Interior - 4 7/8"" Partition (NR)",,-14.8802,13.5469,10.0833,-16.0625,13.3438,-13.6979,13.75
809458,Walls,"Interior - 7 1/4"" Partition (NR)",,-10.7552,18.9167,10.0833,-15.1667,18.6146,-6.3437,19.2188
809470,Doors,"36"" x 84"" (Cores)",204B,-13.7865,16.6979,11.6667,-15.5104,15.0313,-12.0625,18.3646
809636,Walls,"Interior - 8 1/2"" Partition (2-hr)",,-4.9896,13.7474,10.0833,-5.3437,8.75,-4.6354,18.7448
809639,Walls,"Interior - 4 7/8"" Partition (NR)",,-6.6198,15.4115,10.0833,-8.25,15.2083,-4.9896,15.6146
826267,Windows,"50"" x 60""",119,-34.7604,42.603,14.0053,-37.0729,41.5938,-32.4479,43.6123
826274,Windows,"50"" x 60""",120,-26.4271,42.603,14.0053,-28.7396,41.5938,-24.1146,43.6123
826288,Windows,"50"" x 60""",122,-9.7604,42.603,14.0053,-12.0729,41.5938,-7.4479,43.6123
826309,Windows,"50"" x 60""",125,36.0729,42.603,14.0053,33.7604,41.5938,38.3854,43.6123
826316,Windows,"50"" x 60""",126,-1.4271,42.603,14.0053,-3.7396,41.5938,0.8854,43.6123
826323,Windows,"50"" x 60""",127,27.7396,42.603,14.0053,25.4271,41.5938,30.0521,43.6123
831926,Walls,"Interior - 4 7/8"" Partition (NR)",,47.8073,6.0052,10.0833,47.6042,3.0052,48.0104,9.0052
831927,Doors,"36"" x 84""",201B,46.3281,6.8125,11.6667,44.6042,5.1458,48.0521,8.4792
836408,Windows,"50"" x 80""",138,-79.0833,42.4112,12.2969,-81.3958,41.5938,-76.7708,43.2287
836429,Windows,"50"" x 80""",141,-85.7083,42.4112,12.2969,-88.0208,41.5938,-83.3958,43.2287
881710,Doors,"36"" x 84"" (180 MIN)",S22B,-42.5104,20.6458,11.75,-44.2083,18.6667,-40.8125,22.625
881716,Walls,"Core - Concrete 12""",,-49.25,39.987,7.5833,-49.75,36.224,-48.75,43.75
881724,Walls,"Core - Concrete 12""",,-39.875,30.7083,10.0833,-40.375,19.2083,-39.375,42.2083
881948,Stairs,Stair,,-44.5625,34.0417,2.4327,-48.75,25.0417,-40.375,43.0417
882136,Stairs,Stair,,-44.5625,34.1146,13.4583,-48.75,26.2708,-40.375,41.9583
882249,Multistory Stairs,Multistory Stairs,,-44.5625,34.1146,13.7083,-49.25,25.7708,-39.875,42.4583
882800,Walls,"Core - Concrete 12""",,-44.6276,19.2083,10.0833,-49.8802,18.7083,-39.375,19.7083
882827,Stairs,Stair,,-44.5625,33.3646,-10.0618,-48.75,24.9792,-40.375,41.75
887288,Walls,"Interior - 6 1/8"" Partition (2-hr)",,6.5052,13.5417,10.0833,3.5833,13.2865,9.4271,13.7969
887308,Walls,"Interior - 6 1/8"" Partition (2-hr)",,9.1719,18.6276,10.0833,8.9167,13.5417,9.4271,23.7135
887778,Doors,"36"" x 84"" (45 MIN)",201A,5.0208,16.0104,11.75,3.0521,14.3125,6.9896,17.7083
887939,Walls,"Interior - 6 1/8"" Partition (2-hr)",,6.5443,20.2083,10.0833,3.9167,19.9531,9.1719,20.4635
888013,Walls,"Interior - 6 1/8"" Partition (2-hr)",,6.3359,23.4583,10.0833,3.5,23.2031,9.1719,23.7135
900615,Walls,"Interior - 8 1/2"" Partition (2-hr)",,-39.4688,13.7917,10.0833,-39.8229,9.0052,-39.1146,18.5781
900745,Walls,"Interior - 4 7/8"" Partition (NR)",,-45.6094,10.5365,10.0833,-45.8125,2.4948,-45.4063,18.5781
900781,Walls,"Interior - 4 7/8"" Partition (NR)",,-47.625,8.9531,10.0833,-49.6406,8.75,-45.6094,9.1563
946544,Walls,Glazing Wall - Stair,,-104.8333,43.25,30.0417,-108.0208,42.75,-101.6458,43.75
1024619,Walls,"Exterior - 9 7/8"" EIFS on Mtl. Stud",,-35.25,-28.5864,8.3333,-47.25,-28.9979,-23.25,-28.175
1047581,Walls,"Core - Concrete 12""",,-44.5625,43.25,6.0417,-49.25,42.75,-39.875,43.75
1048451,Walls,Glazing Wall - Stair,,-44.5833,43.25,30.0417,-47.7708,42.75,-41.3958,43.75
1048452,Doors,Door-Curtain-Wall-Single-Storefront,S22A,-46.0625,44.7188,4,-47.5625,43.1458,-44.5625,46.2917
1135969,Walls,"Interior - 4 7/8"" Partition (NR)",,-78.7812,35.6198,-0.4583,-86.7812,35.4167,-70.7812,35.8229
1184003,Walls,"Chase - GWB & Metal Stud 6 5/8""",,22.9471,-30.3281,10.0833,4.5833,-30.6042,41.3108,-30.0521
1206137,Doors,"36"" x 84"" (60 MIN)",204A,-17.8229,10.4844,11.6667,-19.4896,8.7083,-16.1563,12.2604
1207539,Stairs,Stair,,-16.8333,31.1255,13.4583,-19.8333,28.1255,-13.8333,34.1255
1226933,Walls,"Core - Concrete 12""",,41.25,-11.875,10.0833,40.75,-26.125,41.75,2.375
1235583,Walls,"Party - 6 1/8"" (2-hr)",,3.5833,13.7474,10.0833,3.0938,8.75,4.0729,18.7448
1240635,Stairs,Stair,,-54.1354,30.2083,-0.1432,-57.6667,20.75,-50.6042,39.6667
1244066,Walls,"Core - Concrete 12""",,-100.125,42.474,7.5833,-100.625,41.6979,-99.625,43.25
1245348,Walls,"Core - Concrete 12""",,-49.25,27.3542,7.5833,-49.75,18.4844,-48.75,36.224
1247377,Walls,"Interior - 4 7/8"" Partition (NR)",,-57.7656,28.2057,-0.4583,-57.9688,20.1875,-57.5625,36.224
1247474,Walls,"Interior - 4 7/8"" Partition (NR)",,-61.6589,20.3906,-0.4583,-65.5521,20.1875,-57.7656,20.5938
1247521,Walls,"Interior - 4 7/8"" Partition (NR)",,-61.5078,28.1302,-0.4583,-65.25,27.9271,-57.7656,28.3333
1257762,Walls,"Exterior - 10 1/4"" Rainscreen w Insultation on Metal Stud",,-95.3021,18.6875,7.5833,-100.125,18.2604,-90.4792,19.1146
1258318,Walls,"Exterior - 10 1/4"" Rainscreen w Insultation on Metal Stud",,-90.4792,13.8802,7.5833,-90.9063,8.6458,-90.0521,19.1146
1263584,Windows,"50"" x 80""",182,-95.75,42.4112,12.2969,-98.0625,41.5938,-93.4375,43.2287
1263678,Walls,"Chase - GWB & Metal Stud 4 1/4""",,-50.4271,24.8411,6.2083,-50.6042,9.6615,-50.25,40.0208
1263784,Walls,"Core - Concrete 12""",,-49.25,30.3464,10.0833,-49.75,18.4844,-48.75,42.2083
1267596,Windows,"50"" x 80""",183,-73.2917,42.4112,12.2969,-75.6042,41.5938,-70.9792,43.2287
1272069,Walls,Block 37 Pilaster,,-50.2708,-27.7125,10.0833,-50.6042,-28.675,-49.9375,-26.75
1272219,Walls,Block 37 Pilaster,,-50.1771,-28.675,10.0833,-50.6042,-29.0083,-49.75,-28.3416
1279689,Walls,"Interior - 7 1/4"" Partition (NR)",,-28.7292,-8.2786,10.0833,-29.0313,-12.0937,-28.4271,-4.4635
1280871,Walls,"Interior - 7 1/4"" Partition (NR)",,19.8958,19.1797,10.0833,19.5938,15.2656,20.1979,23.0938
1286004,Walls,"Interior - 4 7/8"" Partition (NR)",,24.4427,21.0182,10.0833,24.2396,19.9792,24.6458,22.0573
1286298,Walls,"Chase - GWB & Metal Stud 2 1/4""",,23.9219,18.5729,10.0833,23.2917,18.4792,24.5521,18.6667
1288369,Walls,"Chase - GWB & Metal Stud 2 1/4""",,23.9688,19.9792,10.0833,23.2917,19.8854,24.6458,20.0729
1288370,Walls,"Chase - GWB & Metal Stud 2 1/4""",,24.5521,19.2292,10.0833,24.4583,18.4792,24.6458,19.9792
1288371,Walls,"Interior - 7 1/4"" Partition (NR)",,21.5938,19.7708,10.0833,19.8958,19.4687,23.2917,20.0729
1290416,Doors,"32"" x 84""",205OPN,22.2188,22.0573,11.5833,20.8854,21.8542,23.5521,22.2604
1297743,Walls,"Core - Concrete 12""",,-49.25,42.9792,10.0833,-49.75,42.2083,-48.75,43.75
1297976,Walls,"Core - Concrete 12""",,-39.875,42.9792,10.0833,-40.375,42.2083,-39.375,43.75
1299174,Walls,"Party - 6 1/8"" (2-hr)",,41.2604,-28.3385,10.0833,40.7708,-30.0521,41.75,-26.625
1299759,Walls,"Core - Concrete 12""",,45.9375,2.375,10.0833,40.75,1.875,51.125,2.875
1300087,Walls,"Core - Concrete 12""",,45.8125,-20.125,10.0833,41,-20.625,50.625,-19.625
1300707,Walls,"Chase - GWB & Metal Stud 3 1/8""",,40.1198,-12.6198,10.0833,39.9896,-28.375,40.25,3.1354
1300836,Walls,"Exterior - 5 3/8"" Rainscreen w Insultation (for Concrete Core Walls)",,-105.2135,18.4844,7.5833,-110.9323,18.2604,-99.4948,18.7083
1302653,Walls,"Chase - GWB & Metal Stud 4 1/4""",,-54.6771,39.8438,7.5833,-58.9271,39.6667,-50.4271,40.0208
1302690,Walls,"Chase - GWB & Metal Stud 4 1/4""",,-58.9271,40.9453,7.5833,-59.1042,39.6667,-58.75,42.224
1302970,Walls,"Chase - GWB & Metal Stud 3 1/8""",,-94.8646,34.4219,8.7917,-99.625,34.2917,-90.1042,34.5521
1302972,Walls,"Chase - GWB & Metal Stud 6 5/8""",,-99.349,38.3229,8.7917,-99.625,34.4219,-99.0729,42.224
1302973,Walls,"Chase - GWB & Metal Stud 3 1/8""",,-94.8646,25.0781,8.7917,-99.625,24.9479,-90.1042,25.2083
1303281,Walls,"Chase - GWB & Metal Stud 4 1/4""",,-90.2812,29.75,8.7917,-90.4583,25.0781,-90.1042,34.4219
1303290,Walls,"Chase - GWB & Metal Stud 3 1/8""",,-99.4948,21.8932,8.7917,-99.625,18.7083,-99.3646,25.0781
1304481,Walls,"Chase - GWB & Metal Stud 4 1/4""",,-94.8646,34.4688,-0.4583,-99.625,34.2917,-90.1042,34.6458
1304482,Walls,"Chase - GWB & Metal Stud 6 5/8""",,-99.349,38.3464,-0.4583,-99.625,34.4688,-99.0729,42.224
1304483,Walls,"Chase - GWB & Metal Stud 3 1/8""",,-94.9661,25.0781,-0.4583,-99.625,24.9479,-90.3073,25.2083
1304484,Walls,"Chase - GWB & Metal Stud 4 1/4""",,-90.2812,29.8568,-0.4583,-90.4583,25.2448,-90.1042,34.4688
1304485,Walls,"Chase - GWB & Metal Stud 3 1/8""",,-99.4948,21.9193,-0.4583,-99.625,18.7604,-99.3646,25.0781
1305280,Walls,Block 37 Pilaster,,-50.1771,-26.75,10.0833,-50.6042,-27.0833,-49.75,-26.4167
1309342,Walls,"Interior - 5 1/2"" Partition (1-hr Smoke)",,-39.5938,5.75,10.0833,-39.8229,2.4948,-39.3646,9.0052
1309343,Doors,"36"" x 84"" (20 MIN)",201C,-41.0729,4.6875,11.6667,-42.8229,3.0208,-39.3229,6.3542
1309514,Walls,"Chase - GWB & Metal Stud 3 1/8""",,-1.0833,28.0885,10.0833,-6.3437,27.9583,4.1771,28.2188
1309515,Walls,"Chase - GWB & Metal Stud 3 1/8""",,-6.2135,23.3516,10.0833,-6.3437,18.6146,-6.0833,28.0885
1309516,Walls,"Chase - GWB & Metal Stud 3 1/8""",,4.0469,25.7734,10.0833,3.9167,23.4583,4.1771,28.0885
1309518,Walls,"Chase - GWB & Metal Stud 3 1/8""",,51.2552,-11.987,10.0833,51.125,-26.849,51.3854,2.875
1309519,Walls,"Chase - GWB & Metal Stud 3 1/8""",,-39.2448,30.3359,10.0833,-39.375,18.4479,-39.1146,42.224
1309520,Walls,"Chase - GWB & Metal Stud 3 1/8""",,-1.0703,18.7448,10.0833,-6.2135,18.6146,4.0729,18.875
1309521,Walls,"Chase - GWB & Metal Stud 3 1/8""",,45.5755,3.0052,10.0833,40.1198,2.875,51.0313,3.1354
1309522,Walls,"Chase - GWB & Metal Stud 3 1/8""",,-44.5625,18.5781,10.0833,-49.8802,18.4479,-39.2448,18.7083
1309523,Walls,"Furring - GWB & Channels 1 7/8""",,3.9948,19.4766,10.0833,3.9167,18.7448,4.0729,20.2083
1319646,Walls,"Interior - 7 1/4"" Partition (NR)",,28.7005,21.9583,10.0833,24.4427,21.6562,32.9583,22.2604
1342183,Walls,"Chase - GWB & Metal Stud 3 1/8""",,-48.8895,18.0781,10.0833,-49.5208,17.9479,-48.2582,18.2083
1342227,Walls,"Chase - GWB & Metal Stud 3 1/8""",,-48.3884,18.3281,10.0833,-48.5186,18.0781,-48.2582,18.5781
1343128,Walls,"Party - 6 1/8"" (2-hr)",,-49.5208,14.3542,7.5833,-50.0104,9.5,-49.0312,19.2083
1362233,Walls,"Chase - GWB & Metal Stud 3 1/8""",,4.4531,-29.1292,10.0833,4.3229,-30.0916,4.5833,-28.1667
1380272,Walls,"Interior - 4 7/8"" Partition (NR)",,9.224,11.1458,10.0833,9.0208,9.0052,9.4271,13.2865
1390768,Walls,"Interior - 4 7/8"" Partition (NR)",,49.4635,34.2057,5.0417,49.2604,26.1875,49.6667,42.224
1390769,Walls,"Interior - 4 7/8"" Partition (NR)",,45.3568,26.3906,5.0417,41.25,26.1875,49.4635,26.5938
1390770,Walls,"Interior - 4 7/8"" Partition (NR)",,45.7734,34.1302,5.0417,42.0833,33.9271,49.4635,34.3333
1391115,Walls,"Chase - GWB & Metal Stud 4 1/4""",,42.0833,34.2057,10.0833,41.9063,26.1875,42.2604,42.224
1433522,Doors,"32"" x 84""",202OPN,-30.5313,-11.0573,11.5833,-31.8646,-11.2604,-29.1979,-10.8542
1433602,Walls,"Interior - 7 1/4"" Partition (NR)",,-36.9115,-10.9583,10.0833,-41.7917,-11.2604,-32.0313,-10.6562
1433853,Walls,"Interior - 7 1/4"" Partition (NR)",,-30.4818,-8.9687,10.0833,-32.2344,-9.2708,-28.7292,-8.6667
1434726,Walls,"Chase - GWB & Metal Stud 6 5/8""",,-34.9141,-27.8802,10.0833,-48.5833,-28.1562,-21.2448,-27.6042
1450232,Windows,Schematic Opening Cut,111,-25.4479,-27.2453,14.6667,-27.2396,-28.1562,-23.6563,-26.3344
1452001,Windows,Schematic Opening Cut,112,-31.9479,-27.2453,14.6667,-33.7396,-28.1562,-30.1563,-26.3344
1452013,Windows,Schematic Opening Cut,113,-38.4479,-27.2453,14.6667,-40.2396,-28.1562,-36.6563,-26.3344
1452023,Windows,Schematic Opening Cut,115,-44.9479,-27.2453,14.6667,-46.7396,-28.1562,-43.1563,-26.3344
1453376,Walls,"Chase - GWB & Metal Stud 4 1/4""",,-48.9349,-26.2396,10.0833,-49.6406,-26.4167,-48.2292,-26.0625
1453862,Walls,"Chase - GWB & Metal Stud 4 1/4""",,-48.4063,-27.0599,10.0833,-48.5833,-27.8802,-48.2292,-26.2396
1474830,Walls,"Exterior - 5 3/8"" Rainscreen w Insultation (for Concrete Core Walls)",,-105.3385,43.974,7.5833,-111.5,43.75,-99.1771,44.1979
1475270,Walls,"Exterior - 5 3/8"" Rainscreen w Insultation (for Concrete Core Walls)",,-99.401,43.099,7.5833,-99.625,42.224,-99.1771,43.974
1475443,Walls,"Exterior - 5 3/8"" Rainscreen w Insultation (for Concrete Core Walls)",,-44.5625,43.974,6.0417,-50.1979,43.75,-38.9271,44.1979
1475676,Walls,"Exterior - 5 3/8"" Rainscreen w Insultation (for Concrete Core Walls)",,-49.974,43.099,7.5833,-50.1979,42.224,-49.75,43.974
1475677,Walls,"Exterior - 5 3/8"" Rainscreen w Insultation (for Concrete Core Walls)",,-39.151,43.099,10.0833,-39.375,42.224,-38.9271,43.974
1502353,Walls,"Chase - GWB & Metal Stud 6 5/8""",,-8.3339,-28.026,12.7917,-15.3802,-28.3021,-1.2875,-27.75
1502355,Windows,Schematic Opening Cut,139,-8.3333,-27.3912,18.75,-10.0833,-28.3021,-6.5833,-26.4803
1502356,Windows,Schematic Opening Cut,140,-12.1667,-27.3912,18.75,-13.2917,-28.3021,-11.0417,-26.4803
1502684,Windows,Schematic Opening Cut,143,-4.5,-27.3912,18.75,-5.625,-28.3021,-3.375,-26.4803
1502778,Walls,"Chase - GWB & Metal Stud 6 5/8""",,-17.5651,-28.8177,12.7917,-19.75,-29.0938,-15.3802,-28.5417
1505924,Walls,"Exterior - GWB on Metal Stud w Insulated Panel 8 7/8""",,-8.3333,-28.724,3.5208,-19.75,-29.0938,3.0833,-28.3542
1506500,Walls,Block 39 Storefront,,-8.3333,-28.6875,4.2708,-19.3802,-29.1875,2.7135,-28.1875
1517541,Walls,"Chase - GWB & Metal Stud 3 1/8""",,-19.3802,-28.4401,11.5833,-19.5104,-28.8177,-19.25,-28.0625
1517884,Walls,"Chase - GWB & Metal Stud 3 1/8""",,-15.3802,-28.4219,12.7917,-15.5104,-29.0938,-15.25,-27.75
1518158,Walls,"Chase - GWB & Metal Stud 6 5/8""",,0.8974,-28.8177,12.7917,-1.2875,-29.0938,3.0823,-28.5417
1518160,Walls,"Chase - GWB & Metal Stud 3 1/8""",,2.7125,-28.4401,11.5833,2.5823,-28.8177,2.8427,-28.0625
1518161,Walls,"Chase - GWB & Metal Stud 3 1/8""",,-1.2875,-28.4219,12.7917,-1.4177,-29.0938,-1.1573,-27.75
1532609,Walls,"Exterior - 12 5/8"" Rainscreen w Insultation on Metal Stud",,63.0283,36.8048,10.0833,61.8234,31.3822,64.2331,42.2274
1534835,Walls,"Chase - GWB & Metal Stud 3 1/8""",,70.0801,-24.9032,10.0833,69.5519,-25.0996,70.6083,-24.7068
1534836,Walls,"Chase - GWB & Metal Stud 3 1/8""",,69.7931,-25.6119,10.0833,69.5859,-26.2872,70.0004,-24.9365
1543392,Walls,"Chase - GWB & Metal Stud 3 1/8""",,40.3802,-28.375,10.0833,39.9896,-28.5052,40.7708,-28.2448
1545977,Walls,"Exterior - 5 3/8"" Rainscreen w Insultation (for Concrete Core Walls)",,47.2091,-26.849,10.0833,43.1514,-27.0729,51.2669,-26.625
1546499,Walls,"Chase - GWB & Metal Stud 6 5/8""",,52.0355,-28.8968,10.0833,50.9874,-29.3037,53.0837,-28.4899
1547379,Walls,"Chase - GWB & Metal Stud 6 5/8""",,69.7215,-26.5684,10.0833,69.3704,-26.8835,70.0725,-26.2532
1555261,Walls,_Not Defined,,46.7917,-25.9167,7.5,43.9583,-26.4167,49.625,-25.4167
1556525,Stairs,Stair,,-17.2604,-6.4375,2.8125,-19.0937,-14.6875,-15.4271,1.8125
1557905,Walls,Soffit - Beam Wrap (Both Sides),,-8.8333,2.5,6.625,-20.25,2.0625,2.5833,2.9375
1593638,Walls,Block 43 Storefront,,61.2393,-27.7796,12.8229,52.9946,-29.3522,69.484,-26.2071
1593644,Walls,_Not Defined,,54.8775,-28.6172,4.3099,52.9946,-29.3522,56.7604,-27.8822
1593647,Walls,_Not Defined,,56.5429,-27.2212,4.5302,55.8949,-28.4432,57.1909,-25.9993
1593650,Walls,_Not Defined,,60.9347,-25.4663,4.5312,56.3253,-26.5602,65.5441,-24.3723
1593654,Walls,_Not Defined,,65.6311,-26.0247,4.6768,64.9831,-27.2467,66.2791,-24.8028
1593657,Walls,_Not Defined,,67.6011,-26.9421,4.5151,65.7181,-27.6771,69.484,-26.2071
1593725,Doors,Door-Curtain-Wall-Double-Storefront,109A,61.1264,-26.9225,4.6562,57.9468,-28.8735,64.3061,-24.9714
1594372,Walls,Block 41 Storefront,,14.7917,-30.4219,11.875,6.6667,-30.9219,22.9167,-29.9219
1594377,Walls,Block 41 Storefront,,33.137,-30.4219,11.875,25,-30.9219,41.274,-29.9219
1602066,Walls,"Chase - GWB & Metal Stud 4 1/4""",,41.6667,26.3646,11.0833,41.25,26.1875,42.0833,26.5417
1603717,Stairs,Residential Lobby Stair Landing Support,,-15.0937,-7.8594,13.0541,-18.2604,-10.4479,-11.9271,-5.2708
1673837,Walls,"Chase - GWB & Metal Stud 3 1/8""",,-90.0495,21.4115,-0.4583,-90.3073,21.2813,-89.7917,21.5417
1673921,Walls,"Chase - GWB & Metal Stud 3 1/8""",,-89.9219,20.7865,-0.4583,-90.0521,20.1615,-89.7917,21.4115
1677357,Walls,"Exterior - 12 5/8"" Rainscreen w Insultation on Metal Stud",,51.3686,-27.7949,10.0833,50.7068,-28.9648,52.0305,-26.625
1700768,Walls,Storefront,,-70.3646,8.9792,4.8333,-90.4792,8.4792,-50.25,9.4792
1919205,Walls,"Exterior - 12 5/8"" Rainscreen w Insultation on Metal Stud",,11.7591,42.224,10.0833,-39.375,41.6979,62.8931,42.75
1919944,Doors,"36"" x 89"" (90 MIN)",205D,11.0417,40.974,11.9583,9.3438,39.1563,12.7396,42.7917
2011537,Walls,"Chase - GWB & Metal Stud 3 1/8""",,-50.0625,9.6615,7.5833,-50.6042,9.5313,-49.5208,9.7917
2067066,Walls,"Interior - 7 1/4"" Partition (NR)",,-15.1667,20.0833,10.0833,-15.4687,18.6146,-14.8646,21.5521
2067389,Walls,"Interior - 7 1/4"" Partition (NR)",,28.2292,13.0625,10.0833,23.1979,12.7604,33.2604,13.3646
2067725,Walls,"Interior - 7 1/4"" Partition (NR)",,-37.1641,-2.0625,10.0833,-42.0938,-2.3646,-32.2344,-1.7604
2079927,Walls,"Chase - GWB & Metal Stud 4 1/4""",,63.4327,0.8333,10.0833,63.2557,-1.8333,63.6098,3.5
2079928,Walls,"Chase - GWB & Metal Stud 4 1/4""",,65.4237,3.3229,10.0833,63.4327,3.1458,67.4147,3.5
2080024,Walls,"Chase - GWB & Metal Stud 4 1/4""",,65.7515,-1.6563,10.0833,63.4327,-1.8333,68.0702,-1.4792
2120094,Stairs,Stair,,-38.1146,46.1979,-2.9667,-44.1146,44.1979,-32.1146,48.1979
2144393,Walls,Soffit - Beam Wrap (Both Sides),,-80.3958,19.2083,3.9167,-89.7917,18.7708,-71,19.6458
2144394,Walls,"Soffit - Beam Wrap 10 1/2"" (Two Sides)",,-95.4818,41.3867,3.9167,-99.349,41.0013,-91.6146,41.7721
2144395,Walls,"Soffit - Beam Wrap 10 1/2"" (Two Sides)",,-80.3958,41.3867,3.9167,-89.9687,41.0013,-70.8229,41.7721
2144396,Walls,"Soffit - Beam Wrap 10 1/2"" (Two Sides)",,-64.0521,41.3867,3.9167,-69.1771,41.0013,-58.9271,41.7721
2144397,Walls,Soffit - Beam Wrap (Both Sides),,-59.7135,19.2083,3.9167,-69,18.7708,-50.4271,19.6458
2144398,Walls,Soffit - Beam Wrap (Both Sides),,-95.6432,19.2604,3.9167,-99.4948,18.875,-91.7917,19.6458
2224497,Walls,"Interior - 7 1/4"" Partition (NR)",,-29.8958,15.9688,10.0833,-30.1979,13.375,-29.5938,18.5625
2225755,Walls,"Interior - 7 1/4"" Partition (NR)",,-28.5469,13.375,10.0833,-29.8958,13.0729,-27.1979,13.6771
2455147,Walls,"Interior - 4 7/8"" Partition (NR)",,-32.2344,-5.3646,10.0833,-32.4375,-8.9687,-32.0313,-1.7604
,,,,,,,,,,
=== TAGS ===,,,,,,,,,,
TagId,TagType,TaggedCategory,TaggedElementId,Current_U_ft,Current_V_ft,BBox_MinU,BBox_MinV,BBox_MaxU,BBox_MaxV,
2240929,Door Tag,Doors,660428,43.8615,-0.0417,42.3927,2.4583,45.3927,3.9583,
2240930,Door Tag,Doors,785960,-34.375,-2.0208,-35.875,-1.9375,-32.875,-0.4375,
2240931,Door Tag,Doors,786598,25.5677,13.0208,24.0677,11.6042,27.0677,13.1042,
2240932,Door Tag,Doors,786784,-29.1563,2.4948,-30.6563,2.5781,-27.6562,4.0781,
2240933,Door Tag,Doors,786853,21.75,9.0052,20.25,7.4219,23.25,8.9219,
2240934,Door Tag,Doors,800030,-31.375,16.3229,-29.4982,15.5781,-26.4982,17.0781,
2240935,Door Tag,Doors,805013,-23.8438,9.0052,-25.3438,7.4219,-22.3437,8.9219,
2240936,Door Tag,Doors,809470,-13.7865,16.6979,-15.474,15.9479,-12.474,17.4479,
2240937,Door Tag,Doors,831927,46.3281,6.8125,46.3073,6.0625,49.3073,7.5625,
2240938,Door Tag,Doors,881710,-42.5104,19.2083,-44.0417,18.0417,-41.0417,19.5417,
2240939,Door Tag,Doors,887778,5.0208,16.0104,1.5833,15.2917,4.5833,16.7917,
2240940,Door Tag,Doors,1048452,-46.0625,44.7188,-47.5626,41.75,-44.5626,43.25,
2240941,Door Tag,Doors,1206137,-17.8229,9.0052,-19.3229,7.3802,-16.3229,8.8802,
2240943,Door Tag,Doors,1309343,-41.0729,4.6875,-41.0521,3.9375,-38.0521,5.4375,
2240945,Door Tag,Doors,1919944,11.0417,40.974,9.5729,42.5573,12.5729,44.0573,
2245861,Window Tag,Windows,826267,-34.7604,44.5833,-35.7604,42.5876,-33.7604,44.5876,
2245862,Window Tag,Windows,826274,-26.4271,44.5833,-27.4271,43.5833,-25.4271,45.5833,
2245863,Window Tag,Windows,826288,-9.7604,44.5833,-10.7604,43.5833,-8.7604,45.5833,
2245864,Window Tag,Windows,826309,36.0729,44.5833,35.0729,43.5833,37.0729,45.5833,
2245865,Window Tag,Windows,826316,-1.4271,44.5833,-2.4271,43.5833,-0.4271,45.5833,
2245866,Window Tag,Windows,826323,27.7396,44.5833,26.7396,43.5833,28.7396,45.5833,
2245867,Window Tag,Windows,836408,-79.0833,44.3542,-80.0833,43.3542,-78.0833,45.3542,
2245868,Window Tag,Windows,836429,-85.7083,44.3542,-86.7083,43.3542,-84.7083,45.3542,
2245869,Window Tag,Windows,1263584,-95.75,44.3542,-96.75,43.3542,-94.75,45.3542,
2245870,Window Tag,Windows,1267596,-73.2917,44.3542,-74.2917,43.3542,-72.2917,45.3542,
2245871,Window Tag,Windows,1450232,-25.4479,-26.1042,-26.4479,-31.4375,-24.4479,-29.4375,
2245872,Window Tag,Windows,1452001,-31.9479,-26.1042,-32.9479,-31.4375,-30.9479,-29.4375,
2245873,Window Tag,Windows,1452013,-38.4479,-26.1042,-39.4479,-31.4375,-37.4479,-29.4375,
2245874,Window Tag,Windows,1452023,-44.9479,-26.1042,-45.9479,-31.4375,-43.9479,-29.4375,
2245875,Window Tag,Windows,1502355,-8.3333,-26.25,-9.3333,-31.4167,-7.3333,-29.4167,
2245876,Window Tag,Windows,1502356,-12.1667,-26.25,-13.1667,-31.4167,-11.1667,-29.4167,
2245877,Window Tag,Windows,1502684,-4.5,-26.25,-5.5,-31.4167,-3.5,-29.4167,
2246528,"1/4""",Walls,734799,4.5833,35.1563,3.5833,34.0019,8.6014,36.0019,
2246529,"1/4""",Walls,685081,-19.25,25.6146,-20.25,34.6916,-15.2319,36.6916,
2246532,"1/4""",Walls,748873,4.5833,-13.7891,3.5833,-18.0091,8.6014,-16.0091,
2246533,"1/4""",Walls,748858,-19.25,-12.5234,-20.25,-18.8712,-15.2319,-16.8712,
2246534,"1/4""",Walls,697096,-49.6406,-8.4583,-49.6406,-17.9516,-44.6406,-15.9516,
2246538,"1/4""",Walls,748731,21.6068,2.4948,6.5889,2.4948,8.5889,9.0052,
2246544,"1/4""",Walls,748511,-22.4062,9.0052,-34.851,2.4948,-32.851,9.0052,
2246552,"1/4""",Walls,809636,-4.9896,13.7474,-4.9896,12.9296,0.0104,14.9296,
2246557,"1/4""",Walls,1380272,9.224,11.1458,9.224,10.3816,14.224,12.3816,
2246560,"1/4""",Walls,1235583,3.5833,13.7474,-1.4395,10.0009,3.5833,12.0009,
2246567,"1/4""",Walls,1391115,42.0833,34.2057,42.0833,28.13,47.0833,30.13,
2246569,"1/4""",Walls,748363,41.25,25.6146,41.25,22.3069,46.2681,24.3069,
2246570,"1/4""",Walls,796396,51.0313,5.6901,51.0313,5.9674,56.0313,7.9674,
2246571,"1/4""",Walls,831926,47.8073,6.0052,44.487,3.675,47.8073,5.675,
2246576,"1/4""",Walls,1300707,40.1198,-12.6198,35.1198,-9.4134,40.1198,-7.4134,
2246592,"1/4""",Walls,1258318,-90.4792,13.8802,-90.4792,14.4431,-85.4792,16.4431,
2246593,"1/4""",Walls,1257762,-95.3021,18.6875,-95.942,18.6875,-93.942,23.6875,
2246598,"1/4""",Walls,1302690,-58.9271,40.9453,-63.9271,39.3585,-58.9271,41.3585,
2246600,"1/4""",Walls,1263678,-50.4271,24.8411,-54.1093,34.8438,-50.4271,39.8438,
2246610,"1/4""",Walls,630930,-109.1771,31.2292,-109.1771,23.5094,-105.8053,25.5094,
2247147,"1/4""",Walls,1434726,-34.9141,-27.8802,-29.4688,-27.8802,-27.4688,-22.8802,
2247156,"1/4""",Walls,1309519,-39.2448,30.3359,-39.2448,36.5842,-34.2448,38.5842,
2247159,"1/4""",Walls,1309522,-44.6276,18.5781,-48.1409,13.5781,-46.1409,18.5781,
2247161,"1/4""",Walls,900745,-45.6094,10.5365,-45.6094,9.6414,-40.6094,11.6414,
2247163,"1/4""",Walls,1309342,-39.5938,5.75,-44.5938,6.3822,-39.5938,8.3822,
2248755,"1/4""",Walls,2079927,63.4327,0.8333,63.4327,-1.6563,65.9206,8.3229,
